{
    "avg_prec": 0.580508864688944,
    "roc_auc": 0.9571657479318884
}