{
    "avg_prec": 0.05464154195629348,
    "roc_auc": 0.6948548296826722
}