{
    "avg_prec": 0.5697334985718836,
    "roc_auc": 0.9351544471107771
}